{"data": {"query": "Tell me about PM Awas Yojana", "results": [], "total": 0}, "timestamp": 1772261849.182979, "expires_at": 1772262449.182979}