{"data": {"query": "Tell me about PM Awas Yojana", "results": [], "total": 0}, "timestamp": 1772301889.320242, "expires_at": 1772302489.320242}