{"data": {"query": "Tell me about PM Awas Yojana", "results": [], "total": 0}, "timestamp": 1772260215.755998, "expires_at": 1772260815.755998}