{"data": {"user_id": "usr_00d14a2f740f", "checked_at": "2026-02-28T05:59:49.111215", "total_deadlines": 0, "critical": 0, "upcoming_7_days": 0, "alerts": []}, "timestamp": 1772258389.1171393, "expires_at": 1772258989.1171393}