{"data": {"user_id": "usr_37350131d985", "checked_at": "2026-02-28T18:13:04.142943", "total_deadlines": 0, "critical": 0, "upcoming_7_days": 0, "alerts": []}, "timestamp": 1772302384.1567426, "expires_at": 1772302984.1567426}