{"data": {"user_id": "usr_fa075f245e32", "checked_at": "2026-02-28T18:04:36.712507", "total_deadlines": 0, "critical": 0, "upcoming_7_days": 0, "alerts": []}, "timestamp": 1772301876.729848, "expires_at": 1772302476.729848}