{"data": {"user_id": "usr_7dc71b95ad84", "checked_at": "2026-02-28T06:01:52.528724", "total_deadlines": 0, "critical": 0, "upcoming_7_days": 0, "alerts": []}, "timestamp": 1772258512.5348446, "expires_at": 1772259112.5348446}