{"data": {"user_id": "usr_1824554fdeaa", "checked_at": "2026-02-28T06:03:37.634995", "total_deadlines": 0, "critical": 0, "upcoming_7_days": 0, "alerts": []}, "timestamp": 1772258617.6429312, "expires_at": 1772259217.6429312}