{"data": {"user_id": "usr_fe9484d1fc2c", "checked_at": "2026-02-28T14:36:30.689442", "total_deadlines": 0, "critical": 0, "upcoming_7_days": 0, "alerts": []}, "timestamp": 1772289390.7037141, "expires_at": 1772289990.7037141}