{"data": {"user_id": "usr_test001", "checked_at": "2026-02-28T18:02:14.166434", "total_deadlines": 0, "critical": 0, "upcoming_7_days": 0, "alerts": []}, "timestamp": 1772301734.1715534, "expires_at": 1772302334.1715534}