{"data": {"user_id": "usr_95e3cd8def1c", "checked_at": "2026-02-28T06:57:23.803613", "total_deadlines": 0, "critical": 0, "upcoming_7_days": 0, "alerts": []}, "timestamp": 1772261843.8076005, "expires_at": 1772262443.8076005}