{"data": {"user_id": "usr_de8f0170ee86", "checked_at": "2026-02-28T16:43:34.733125", "total_deadlines": 0, "critical": 0, "upcoming_7_days": 0, "alerts": []}, "timestamp": 1772297014.7428854, "expires_at": 1772297614.7428854}