{"data": {"user_id": "usr_2e5b1d1d251f", "checked_at": "2026-02-28T06:30:07.154553", "total_deadlines": 0, "critical": 0, "upcoming_7_days": 0, "alerts": []}, "timestamp": 1772260207.159592, "expires_at": 1772260807.159592}