{"data": {"user_id": "usr_721cc6c43572", "checked_at": "2026-02-28T17:49:25.656633", "total_deadlines": 0, "critical": 0, "upcoming_7_days": 0, "alerts": []}, "timestamp": 1772300965.67626, "expires_at": 1772301565.67626}